worker_id,name,service_type,node_location,price_rupees
0,Ramesh,plumber,2,300.0
1,Suresh,electrician,4,250.0
2,Anita,plumber,5,280.0
3,Vijay,carpenter,6,260.0
4,Kiran,electrician,3,250.0
5,Neha,plumber,10,408.68
6,Harish,electrician,72,309.79
7,Neha,painter,50,399.57
8,Komal,electrician,60,261.0
9,Kiran,hvac_technician,27,474.77
10,Deepa,carpenter,11,292.33
11,Priya,carpenter,96,473.91
12,Sakshi,carpenter,63,411.65
13,Anita,plumber,24,434.92
14,Dinesh,carpenter,74,448.0
15,Ganesh,electrician,16,380.43
16,Manoj,electrician,8,374.81
17,Rahul,painter,30,517.69
18,Ganesh,hvac_technician,14,491.05
19,Amit,painter,21,508.69
20,Vijay,painter,60,527.48
21,Ajay,hvac_technician,57,584.1
22,Sunita,painter,25,445.35
23,Deepa,plumber,26,443.7
24,Rajesh,hvac_technician,77,444.83
25,Pooja,plumber,86,328.64
26,Vikas,hvac_technician,52,357.57
27,Sunita,cleaner,13,335.39
28,Rahul,plumber,57,300.65
29,Kiran,electrician,1,295.46
30,Vikas,electrician,79,357.02
31,Harish,carpenter,4,488.41
32,Rahul,cleaner,30,225.86
33,Sunita,cleaner,100,210.38
34,Meena,cleaner,27,348.72
35,Laxmi,cleaner,80,349.81
36,Meena,plumber,47,427.46
37,Seema,painter,33,470.8
38,Meena,electrician,12,296.34
39,Priya,electrician,63,260.82
40,Manoj,painter,39,346.75
41,Kiran,hvac_technician,23,429.76
42,Priya,cleaner,92,329.31
43,Amit,plumber,5,433.56
44,Anita,hvac_technician,57,556.01
45,Vijay,carpenter,86,393.06
46,Harish,electrician,78,396.49
47,Laxmi,electrician,43,309.93
48,Meena,electrician,67,279.34
49,Sakshi,carpenter,17,473.46
50,Seema,carpenter,95,473.05
51,Pooja,carpenter,26,492.64
52,Kiran,cleaner,99,334.11
53,Vijay,plumber,71,332.78
54,Vikas,painter,82,356.16
55,Manoj,hvac_technician,91,354.21
56,Komal,electrician,89,292.94
57,Amit,painter,43,344.16
58,Pooja,hvac_technician,24,449.61
59,Ganesh,plumber,15,380.73
60,Anita,carpenter,76,396.15
61,Suresh,plumber,16,422.11
62,Rajesh,cleaner,14,206.92
63,Neha,carpenter,99,367.14
64,Laxmi,hvac_technician,23,508.97
65,Vijay,cleaner,94,246.34
66,Neha,plumber,3,359.72
67,Laxmi,plumber,33,433.64
68,Manoj,plumber,39,447.96
69,Priya,hvac_technician,67,582.45
70,Deepa,electrician,36,391.38
71,Ganesh,carpenter,2,468.28
72,Rahul,plumber,72,340.77
73,Komal,electrician,25,311.93
74,Ajay,electrician,56,364.54
75,Laxmi,carpenter,95,328.72
76,Harish,cleaner,48,344.21
77,Sakshi,painter,48,337.22
78,Anita,plumber,37,409.03
79,Ramesh,painter,60,386.65
80,Deepa,plumber,16,343.09
81,Vijay,carpenter,22,269.27
82,Suresh,electrician,79,260.45
83,Kiran,electrician,59,327.36
84,Suresh,cleaner,51,280.81
85,Kiran,electrician,75,355.98
86,Priya,plumber,54,436.76
87,Sakshi,cleaner,24,332.51
88,Anita,carpenter,64,296.29
89,Amit,plumber,13,402.98
90,Meena,carpenter,10,372.14
91,Amit,plumber,81,376.37
92,Ramesh,carpenter,15,315.51
93,Suresh,plumber,96,438.78
94,Ramesh,hvac_technician,15,377.47
95,Anita,carpenter,18,442.04
96,Ajay,plumber,92,426.14
97,Anita,cleaner,48,321.21
98,Manoj,hvac_technician,95,534.1
99,Rahul,electrician,59,399.25
100,Suresh,electrician,35,302.77
101,Amit,carpenter,61,352.76
102,Harish,carpenter,43,285.9
103,Ramesh,cleaner,64,337.87
104,Priya,cleaner,50,266.67
105,Ajay,carpenter,35,475.87
106,Priya,hvac_technician,56,437.5
107,Neha,hvac_technician,87,428.12
108,Laxmi,hvac_technician,69,488.33
109,Ganesh,hvac_technician,96,375.04
110,Priya,hvac_technician,95,390.93
111,Ajay,carpenter,34,415.55
112,Pooja,painter,41,376.36
113,Ganesh,painter,64,523.39
114,Anita,carpenter,92,423.25
115,Pooja,electrician,100,253.51
116,Ramesh,electrician,11,347.85
117,Manoj,electrician,59,388.46
118,Ajay,painter,51,467.76
119,Rajesh,cleaner,49,220.33
120,Sunita,plumber,2,399.95
121,Priya,hvac_technician,63,579.93
122,Vijay,hvac_technician,36,526.44
123,Amit,carpenter,5,368.26
124,Vijay,painter,57,313.26
125,Sunita,plumber,2,358.68
126,Manoj,painter,96,434.7
127,Neha,hvac_technician,25,577.51
128,Deepa,plumber,30,444.16
129,Seema,painter,50,432.4
130,Amit,electrician,65,388.73
131,Sakshi,cleaner,56,313.76
132,Ramesh,cleaner,43,293.22
133,Kiran,carpenter,84,313.35
134,Ramesh,hvac_technician,16,472.37
135,Rajesh,hvac_technician,98,552.9
136,Dinesh,hvac_technician,31,472.62
137,Komal,cleaner,6,214.23
138,Dinesh,electrician,12,380.11
139,Dinesh,carpenter,93,378.52
140,Neha,painter,77,481.17
141,Meena,carpenter,32,402.75
142,Ajay,painter,6,417.82
143,Sakshi,cleaner,92,298.04
144,Meena,cleaner,6,293.09
145,Vijay,electrician,15,340.69
146,Priya,hvac_technician,47,498.02
147,Sakshi,painter,65,373.63
148,Kiran,electrician,27,302.05
149,Ganesh,painter,15,498.34
150,Sunita,electrician,11,399.22
151,Dinesh,plumber,77,347.31
152,Suresh,plumber,3,324.72
153,Laxmi,hvac_technician,32,582.65
154,Ajay,plumber,73,331.87
155,Manoj,painter,35,379.01
156,Ramesh,plumber,64,427.26
157,Anita,cleaner,31,315.63
158,Anita,painter,7,498.6
159,Ganesh,plumber,53,444.59
160,Dinesh,hvac_technician,85,370.55
161,Manoj,painter,29,378.25
162,Vijay,electrician,81,285.88
163,Sakshi,cleaner,7,214.31
164,Neha,painter,46,444.3
165,Suresh,carpenter,8,486.26
166,Ajay,cleaner,62,281.78
167,Anita,carpenter,65,377.32
168,Suresh,painter,70,404.06
169,Deepa,electrician,34,388.51
170,Priya,cleaner,84,241.29
171,Neha,plumber,1,436.03
172,Meena,carpenter,5,447.88
173,Meena,hvac_technician,19,523.87
174,Vikas,hvac_technician,11,397.76
175,Rahul,plumber,48,290.23
176,Rajesh,hvac_technician,92,552.94
177,Neha,hvac_technician,35,427.91
178,Ramesh,painter,73,379.35
179,Sunita,plumber,84,332.88
180,Deepa,cleaner,98,304.4
181,Rajesh,electrician,64,267.1
182,Harish,carpenter,70,291.36
183,Pooja,plumber,29,423.02
184,Amit,cleaner,54,279.28
185,Rahul,painter,96,317.53
186,Deepa,carpenter,25,463.84
187,Amit,electrician,33,366.24
188,Amit,hvac_technician,49,461.2
189,Komal,electrician,40,311.81
190,Meena,hvac_technician,95,543.22
191,Laxmi,carpenter,87,409.06
192,Rahul,carpenter,99,302.79
193,Vijay,plumber,73,361.0
194,Ramesh,electrician,50,383.08
195,Vikas,electrician,60,350.46
196,Deepa,painter,14,537.79
197,Ganesh,electrician,70,255.26
198,Ramesh,painter,12,541.81
199,Pooja,electrician,15,322.0
200,Sakshi,plumber,53,402.85
201,Seema,plumber,48,372.14
202,Vikas,electrician,76,345.58
203,Deepa,cleaner,71,331.25
204,Komal,electrician,36,378.26
205,Sunita,plumber,44,351.87
206,Vikas,plumber,99,395.14
207,Sakshi,carpenter,43,425.57
208,Suresh,hvac_technician,73,401.75
209,Kiran,cleaner,47,310.71
210,Sunita,electrician,12,390.82
211,Rajesh,plumber,76,402.0
212,Ganesh,hvac_technician,91,492.85
213,Vikas,painter,73,389.21
214,Rahul,electrician,50,271.07
215,Rajesh,plumber,54,339.61
216,Rahul,painter,99,312.81
217,Dinesh,carpenter,54,481.09
218,Suresh,cleaner,47,270.75
219,Pooja,cleaner,5,327.86
220,Rahul,painter,16,439.43
221,Kiran,plumber,80,302.41
222,Deepa,painter,45,441.1
223,Anita,carpenter,68,385.63
224,Sunita,cleaner,79,301.76
225,Ramesh,plumber,58,438.59
226,Neha,painter,23,483.53
227,Laxmi,hvac_technician,47,454.66
228,Rahul,electrician,66,255.66
229,Sakshi,painter,77,319.38
230,Priya,carpenter,51,431.38
231,Kiran,plumber,82,290.11
232,Deepa,carpenter,72,272.71
233,Ramesh,cleaner,93,310.75
234,Suresh,carpenter,26,351.92
235,Vijay,electrician,15,353.75
236,Komal,electrician,50,328.0
237,Sunita,cleaner,81,270.08
238,Ajay,hvac_technician,8,491.47
239,Rajesh,hvac_technician,56,594.18
240,Meena,painter,54,360.56
241,Seema,cleaner,28,279.8
242,Dinesh,painter,62,391.73
243,Ganesh,plumber,40,294.41
244,Ramesh,plumber,92,421.2
245,Laxmi,electrician,15,373.32
246,Sakshi,hvac_technician,100,573.72
247,Seema,cleaner,49,324.14
248,Kiran,cleaner,55,213.47
249,Meena,cleaner,72,259.29
250,Laxmi,painter,59,425.93
251,Vikas,carpenter,31,340.63
252,Meena,painter,47,388.77
253,Meena,carpenter,32,408.55
254,Vijay,carpenter,84,443.27
255,Sunita,carpenter,76,260.16
256,Ramesh,carpenter,64,412.35
257,Ramesh,carpenter,9,492.53
258,Rahul,painter,10,454.52
259,Sakshi,plumber,10,350.36
260,Ajay,carpenter,51,275.36
261,Deepa,plumber,60,377.68
262,Harish,electrician,80,277.79
263,Pooja,painter,60,534.56
264,Meena,hvac_technician,26,478.69
265,Laxmi,painter,91,337.34
266,Ramesh,cleaner,89,286.77
267,Priya,hvac_technician,11,560.07
268,Kiran,painter,30,509.53
269,Seema,plumber,24,302.75
270,Anita,carpenter,42,478.79
271,Sunita,carpenter,26,412.45
272,Seema,carpenter,23,364.79
273,Meena,plumber,19,349.03
274,Seema,cleaner,99,263.6
275,Sunita,carpenter,12,263.01
276,Sakshi,carpenter,3,265.13
277,Ganesh,plumber,60,423.16
278,Suresh,electrician,84,277.31
279,Neha,plumber,18,316.56
280,Suresh,carpenter,93,442.44
281,Neha,carpenter,26,441.44
282,Anita,painter,54,467.22
283,Kiran,hvac_technician,2,422.77
284,Rahul,hvac_technician,96,364.64
285,Laxmi,hvac_technician,6,363.51
286,Rajesh,cleaner,10,324.33
287,Laxmi,carpenter,26,481.4
288,Anita,electrician,20,321.28
289,Ganesh,cleaner,61,273.5
290,Rahul,carpenter,31,313.9
291,Komal,carpenter,73,395.68
292,Manoj,cleaner,84,324.05
293,Harish,carpenter,93,367.54
294,Laxmi,painter,98,337.62
295,Vijay,carpenter,72,328.83
296,Pooja,carpenter,10,450.38
297,Anita,electrician,84,304.66
298,Manoj,carpenter,85,426.08
299,Seema,plumber,61,417.99
300,Sunita,painter,53,435.37
301,Deepa,painter,95,516.18
302,Harish,carpenter,56,423.42
303,Harish,cleaner,50,216.62
304,Kiran,hvac_technician,90,407.37
305,Sunita,cleaner,83,202.2
306,Komal,electrician,96,370.42
307,Laxmi,electrician,11,336.85
308,Rajesh,cleaner,37,305.9
309,Sunita,cleaner,70,252.03
310,Harish,hvac_technician,52,412.28
311,Ramesh,hvac_technician,33,598.16
312,Manoj,painter,39,327.49
313,Laxmi,carpenter,53,268.12
314,Amit,painter,3,545.37
315,Anita,electrician,52,302.22
316,Manoj,painter,55,336.55
317,Rajesh,cleaner,82,313.01
318,Seema,painter,35,308.92
319,Vijay,painter,51,362.2
320,Rajesh,cleaner,89,254.77
321,Ajay,carpenter,59,396.23
322,Harish,hvac_technician,40,393.71
323,Suresh,painter,67,397.78
324,Neha,painter,14,338.98
325,Kiran,electrician,37,283.15
326,Kiran,carpenter,27,403.32
327,Anita,cleaner,60,342.56
328,Amit,plumber,24,409.8
329,Anita,carpenter,85,454.8
330,Ajay,cleaner,75,339.32
331,Laxmi,carpenter,8,264.17
332,Dinesh,electrician,36,376.19
333,Meena,carpenter,27,273.37
334,Harish,painter,87,495.06
335,Ganesh,plumber,79,413.71
336,Ajay,plumber,51,432.66
337,Pooja,hvac_technician,13,515.1
338,Rahul,electrician,65,250.24
339,Ramesh,electrician,74,355.05
340,Priya,painter,42,335.76
341,Amit,cleaner,48,297.59
342,Vijay,hvac_technician,28,489.13
343,Ganesh,hvac_technician,63,407.05
344,Harish,cleaner,3,254.07
345,Harish,painter,95,519.04
346,Pooja,carpenter,25,307.74
347,Ajay,carpenter,40,328.72
348,Neha,plumber,22,342.78
349,Komal,electrician,5,376.11
350,Deepa,cleaner,38,305.02
351,Rahul,plumber,85,439.48
352,Dinesh,painter,92,337.86
353,Priya,electrician,10,268.35
354,Deepa,cleaner,52,235.91
355,Rahul,carpenter,31,483.33
356,Laxmi,plumber,64,304.12
357,Dinesh,electrician,10,317.42
358,Seema,electrician,93,277.47
359,Ajay,painter,10,485.45
360,Rahul,electrician,89,344.5
361,Neha,hvac_technician,8,426.08
362,Vijay,hvac_technician,39,592.19
363,Ajay,painter,16,391.61
364,Sakshi,electrician,62,368.19
365,Sakshi,carpenter,54,487.25
366,Deepa,carpenter,8,494.13
367,Neha,painter,7,455.65
368,Priya,plumber,4,338.67
369,Amit,plumber,48,347.1
370,Harish,electrician,34,357.98
371,Dinesh,painter,62,531.33
372,Rahul,plumber,7,355.16
373,Anita,plumber,69,381.45
374,Komal,painter,25,440.65
375,Kiran,hvac_technician,63,451.07
376,Amit,carpenter,18,478.11
377,Amit,hvac_technician,99,537.07
378,Sakshi,painter,66,472.57
379,Manoj,painter,32,546.43
380,Anita,cleaner,57,268.78
381,Rahul,painter,1,307.48
382,Ajay,plumber,5,406.3
383,Komal,cleaner,46,300.87
384,Suresh,cleaner,78,290.81
385,Vijay,hvac_technician,13,373.06
386,Seema,hvac_technician,97,364.71
387,Seema,hvac_technician,66,540.37
388,Priya,hvac_technician,23,598.72
389,Manoj,hvac_technician,62,447.38
390,Sunita,electrician,42,353.17
391,Seema,carpenter,35,318.0
392,Rajesh,electrician,64,386.24
393,Vijay,painter,49,453.71
394,Manoj,electrician,88,279.61
395,Deepa,carpenter,90,484.69
396,Komal,painter,55,377.34
397,Rahul,hvac_technician,83,474.07
398,Seema,electrician,32,389.62
399,Vijay,plumber,57,436.22
