arrival_time,entry_node,vehicle_id
0,0,Car-A
1,5,Car-B
2,0,Car-C
3,5,Car-D
4,0,Car-E
6,30,Car-100
6,30,Car-101
6,25,Bike-102
7,20,Auto-103
7,20,Van-104
8,20,Bus-106
8,25,Bike-105
9,15,Van-107
10,5,Bike-108
10,12,Auto-109
11,30,Bike-110
11,5,Bus-111
12,20,Auto-112
12,15,Car-113
13,5,Car-114
13,25,Bike-115
14,0,Bike-116
15,0,Bus-118
15,15,Van-117
16,20,Bike-119
17,0,Auto-120
17,20,Bus-121
18,5,Bus-122
19,0,Auto-123
19,12,Bus-124
19,5,Bike-125
20,25,Car-126
20,5,Auto-127
21,5,Auto-128
22,0,Bus-130
22,0,Car-129
23,15,Van-131
24,25,Car-132
24,30,Bike-133
25,0,Van-134
25,10,Auto-135
26,10,Auto-136
27,30,Auto-137
28,5,Van-138
29,20,Van-140
29,0,Auto-141
29,5,Van-139
30,20,Bus-142
31,0,Bike-144
31,20,Van-143
32,0,Bike-145
32,5,Bike-146
33,30,Van-147
33,20,Bus-148
34,30,Auto-149
35,10,Auto-150
35,5,Auto-151
35,20,Car-152
36,0,Van-154
36,5,Bike-155
36,12,Van-153
37,0,Bus-156
37,25,Bike-157
38,0,Auto-158
39,0,Bus-159
39,30,Bike-160
40,25,Bike-161
41,12,Bus-162
41,10,Auto-163
41,20,Bike-164
42,15,Auto-166
42,25,Bike-165
43,0,Bike-167
44,25,Bus-168
45,20,Van-169
45,10,Car-170
46,10,Auto-171
46,10,Bike-172
47,0,Van-173
48,10,Bus-174
48,20,Van-175
49,25,Auto-176
49,12,Car-177
49,5,Car-178
50,12,Auto-179
51,0,Auto-180
51,12,Car-181
52,10,Bus-182
53,12,Auto-183
54,15,Car-184
54,25,Auto-185
55,25,Bike-186
55,0,Bus-187
56,15,Van-188
56,30,Van-189
57,0,Van-190
58,12,Car-192
58,25,Auto-191
59,25,Bike-194
59,12,Van-193
60,30,Auto-195
60,10,Auto-196
61,25,Auto-197
62,10,Van-198
62,25,Car-199
63,0,Van-200
64,10,Auto-201
64,5,Car-202
65,10,Van-203
65,25,Van-204
66,5,Auto-205
67,0,Car-208
67,12,Bus-206
67,25,Van-207
68,10,Van-209
68,0,Bike-210
68,12,Bus-211
69,0,Van-212
69,15,Car-213
70,0,Bike-214
71,25,Van-215
71,10,Bus-216
72,12,Auto-217
73,5,Car-219
73,20,Car-218
74,10,Car-220
74,25,Auto-221
75,5,Bus-222
76,15,Van-223
76,5,Car-224
77,5,Van-225
78,20,Bike-226
78,15,Auto-227
78,5,Auto-228
78,12,Bike-229
79,0,Van-231
79,12,Bike-230
80,25,Auto-232
80,30,Bike-233
81,25,Car-234
82,30,Bus-235
82,12,Auto-236
82,10,Bus-237
82,15,Car-238
83,20,Auto-239
83,12,Car-240
84,25,Auto-242
84,25,Bus-243
84,12,Bus-241
85,0,Car-244
85,30,Car-245
86,10,Car-246
86,15,Bike-247
87,15,Car-248
87,15,Bike-249
87,12,Auto-250
88,0,Bike-251
88,30,Bike-252
89,20,Van-253
89,20,Bus-254
90,12,Car-255
91,30,Bus-256
91,10,Bus-257
92,10,Bus-258
92,30,Bike-259
92,15,Auto-260
93,15,Van-261
93,30,Bike-262
94,12,Car-263
94,5,Bike-264
95,20,Auto-265
95,10,Auto-266
96,30,Auto-268
96,12,Car-267
97,20,Car-269
98,10,Auto-270
98,5,Car-271
99,30,Car-272
100,10,Bike-273
100,10,Car-274
101,10,Auto-275
102,25,Car-276
102,20,Auto-277
103,25,Van-278
104,15,Car-279
105,5,Auto-280
105,15,Car-281
106,20,Bike-282
107,20,Bike-283
107,20,Car-284
108,12,Bike-285
109,0,Bus-286
109,5,Bus-287
110,15,Bike-288
111,20,Auto-289
111,20,Van-290
112,12,Car-291
113,30,Bike-292
114,20,Bike-294
114,30,Car-293
115,5,Auto-295
116,5,Bus-296
116,30,Van-297
116,5,Van-298
117,20,Bus-299
117,20,Car-300
118,20,Bike-301
119,25,Van-305
119,0,Bike-304
119,12,Bus-302
119,20,Car-303
120,0,Car-306
120,0,Auto-307
121,25,Bike-308
121,15,Bike-309
121,10,Van-310
122,30,Bus-311
123,0,Van-314
123,5,Auto-312
123,5,Auto-313
124,25,Auto-317
124,15,Car-318
124,15,Auto-315
124,20,Bus-316
125,30,Bus-319
125,10,Bus-320
125,5,Bike-321
125,10,Bus-322
126,12,Car-323
126,15,Van-324
127,12,Car-325
127,0,Car-326
128,12,Auto-327
129,5,Bus-329
129,20,Car-330
129,5,Car-328
130,20,Bike-331
130,10,Van-332
131,10,Van-333
131,5,Bus-334
132,30,Bike-335
132,5,Bus-336
133,12,Bike-337
134,30,Bike-338
135,10,Bus-339
135,20,Van-340
136,20,Auto-342
136,5,Car-341
137,5,Bike-344
137,20,Car-343
138,15,Car-345
138,20,Bike-346
139,30,Bike-347
140,15,Bus-348
140,12,Bus-349
140,20,Car-350
141,12,Van-351
142,0,Auto-352
142,20,Van-353
142,30,Bike-354
143,15,Auto-356
143,20,Bike-355
144,15,Bus-357
144,10,Bus-358
145,20,Van-359
146,25,Auto-360
146,30,Bike-361
146,12,Bike-362
147,5,Car-363
148,20,Auto-364
148,12,Van-365
149,20,Van-366
149,15,Van-367
150,25,Van-369
150,5,Car-368
151,25,Bus-370
152,5,Car-371
152,20,Bus-372
153,15,Auto-373
153,12,Car-374
153,10,Car-375
154,10,Auto-376
154,15,Bus-377
155,10,Auto-378
156,0,Auto-379
157,12,Bike-381
157,5,Car-380
158,5,Car-382
159,5,Auto-383
159,15,Car-384
160,10,Car-385
160,5,Bike-386
161,25,Bus-387
162,25,Bike-389
162,30,Auto-388
162,25,Van-390
163,0,Van-392
163,0,Bus-391
164,20,Bike-394
164,12,Van-393
165,12,Bike-395
165,15,Car-396
166,20,Van-397
166,20,Van-398
167,12,Car-399
167,30,Bus-400
168,20,Car-401
168,10,Auto-402
169,25,Bus-403
170,12,Bus-405
170,12,Auto-406
170,25,Bike-404
171,10,Bus-407
171,0,Car-408
172,25,Auto-409
172,10,Bus-410
173,5,Auto-411
173,25,Auto-412
173,0,Van-413
173,20,Auto-414
174,10,Car-415
174,25,Bike-416
175,12,Bike-417
176,5,Bus-419
176,25,Bike-418
177,0,Van-420
178,15,Bike-421
178,0,Car-422
179,25,Bike-423
180,10,Bike-424
180,30,Bike-425
180,0,Van-426
181,30,Van-427
182,25,Car-428
183,15,Bike-430
183,15,Bike-429
184,12,Auto-431
184,25,Bike-432
185,15,Bus-433
185,10,Van-434
186,30,Van-435
187,5,Bus-436
188,25,Van-437
188,20,Bus-438
189,10,Bus-440
189,12,Auto-439
190,12,Auto-442
190,30,Van-443
190,25,Van-441
191,12,Bike-444
191,12,Bike-445
192,0,Auto-446
193,30,Car-447
193,12,Car-448
193,0,Car-449
194,30,Car-450
195,15,Bike-451
196,20,Van-452
197,20,Bus-453
197,15,Auto-454
198,30,Bus-456
198,5,Bike-455
199,12,Car-457
200,15,Auto-458
200,10,Bus-459
201,30,Car-460
201,30,Van-461
201,30,Auto-462
202,15,Car-463
202,5,Auto-464
202,20,Auto-465
203,12,Bus-466
204,5,Van-468
204,15,Bus-467
205,0,Van-469
205,30,Car-470
205,25,Bike-471
206,20,Van-472
206,5,Bike-473
207,12,Van-474
207,30,Car-475
208,30,Van-476
208,20,Auto-477
209,20,Auto-478
210,10,Bus-479
211,0,Auto-480
211,25,Bus-481
212,25,Car-482
212,15,Bike-483
213,20,Van-484
214,20,Car-485
214,25,Bus-486
215,20,Auto-487
216,12,Bus-488
216,12,Bus-489
217,30,Auto-490
218,30,Bike-491
218,20,Bus-492
219,10,Car-493
219,10,Car-494
