route_id,stop_1,stop_2,distance_km,travel_time_min,frequency_per_hour,capacity,route_type,road_condition
T01,Main_Hub_Gate,Cyber_Tower_Alpha,1.2,5,6,30,campus_loop,excellent
T01,Cyber_Tower_Alpha,Innovation_Hub,0.8,3,6,30,campus_loop,excellent
T01,Innovation_Hub,Central_Food_Court,1.0,4,6,30,campus_loop,good
T01,Central_Food_Court,MLCP_North,1.5,6,6,30,campus_loop,good
T01,MLCP_North,Main_Hub_Gate,2.0,8,6,30,campus_loop,excellent
T02,Metro_Station_East,Tech_Park_Entrance,3.5,12,4,50,metro_feeder,average
T02,Tech_Park_Entrance,Silicon_Heights,1.0,4,4,50,metro_feeder,good
T02,Silicon_Heights,Data_Center_Zone,1.5,5,4,50,metro_feeder,good
T03,Main_Hub_Gate,Client_Visit_Center,0.5,2,3,15,vip_shuttle,excellent
T03,Client_Visit_Center,Executive_Hotel,1.2,5,3,15,vip_shuttle,excellent
T03,Executive_Hotel,Main_Hub_Gate,1.5,6,3,15,vip_shuttle,excellent
T04,Employee_Housing_A,Tech_Park_Back_Gate,4.0,15,2,40,commuter,average
T04,Tech_Park_Back_Gate,Cyber_Tower_Beta,1.0,4,2,40,commuter,good
T05,MLCP_South,Tower_Gamma,0.6,3,8,25,parking_shuttle,good
T05,Tower_Gamma,Tower_Delta,0.4,2,8,25,parking_shuttle,good
T05,Tower_Delta,MLCP_South,0.8,4,8,25,parking_shuttle,good
T06,Main_Hub_Gate,Logistics_Dock,2.2,9,2,10,utility,average
T06,Logistics_Dock,Warehouse_1,0.5,2,2,10,utility,average
T06,Warehouse_1,Main_Hub_Gate,2.5,10,2,10,utility,average
T07,Cyber_Tower_Alpha,Gym_Wellness_Center,0.9,4,3,20,employee_welfare,excellent
T07,Gym_Wellness_Center,Creche_Daycare,0.5,2,3,20,employee_welfare,excellent
T07,Creche_Daycare,Cyber_Tower_Alpha,1.1,5,3,20,employee_welfare,good
T08,Startup_Incubator,Venture_Capital_Wing,0.4,2,4,15,internal_link,excellent
T08,Venture_Capital_Wing,Convention_Hall,0.6,3,4,15,internal_link,excellent
T08,Convention_Hall,Startup_Incubator,0.8,3,4,15,internal_link,excellent
T09,Main_Hub_Gate,Fire_Station_Tech,1.0,3,1,10,emergency,good
T09,Fire_Station_Tech,Hazmat_Storage,1.5,5,1,10,emergency,good
T10,Tower_Omega,Amphitheater,0.7,3,2,30,event_shuttle,good
T10,Amphitheater,Rec_Club,0.5,2,2,30,event_shuttle,good
T10,Rec_Club,Tower_Omega,1.0,4,2,30,event_shuttle,good
T11,Main_Hub_Gate,Construction_Site_Ph2,1.8,7,2,20,contractor_bus,bad
T11,Construction_Site_Ph2,Labor_Camp,2.0,8,2,20,contractor_bus,bad
T11,Labor_Camp,Main_Hub_Gate,3.5,12,2,20,contractor_bus,average
T12,Metro_Station_West,FinTech_Tower,2.5,10,5,45,metro_feeder,good
T12,FinTech_Tower,Blockchain_Lab,0.8,3,5,45,metro_feeder,good
T12,Blockchain_Lab,Metro_Station_West,3.0,12,5,45,metro_feeder,average
T13,Cloud_Server_Farm,Cooling_Plant,0.3,1,1,5,maintenance_buggy,excellent
T13,Cooling_Plant,Backup_Generator,0.2,1,1,5,maintenance_buggy,excellent
T13,Backup_Generator,Cloud_Server_Farm,0.4,2,1,5,maintenance_buggy,excellent
T14,Main_Hub_Gate,Public_Bus_Stop,0.2,1,10,50,connector,excellent
T14,Public_Bus_Stop,Main_Hub_Gate,0.2,1,10,50,connector,excellent
T15,Shopping_Plaza,ATM_Vestibule,0.1,1,6,10,walkway_cart,excellent
T15,ATM_Vestibule,Food_Court_South,0.2,1,6,10,walkway_cart,excellent
T15,Food_Court_South,Shopping_Plaza,0.2,1,6,10,walkway_cart,excellent
T16,Main_Hub_Gate,SEZ_Customs_Office,0.5,2,2,10,admin_shuttle,good
T16,SEZ_Customs_Office,Export_Zone,0.8,3,2,10,admin_shuttle,good
T16,Export_Zone,Main_Hub_Gate,1.2,5,2,10,admin_shuttle,good
T17,Tower_Alpha,Smoking_Zone_1,0.1,1,1,0,walking_path,excellent
T17,Tower_Beta,Smoking_Zone_2,0.1,1,1,0,walking_path,excellent
T18,Bio_Informatics_Lab,Green_Zone_Park,0.5,2,3,15,relax_route,good
T18,Green_Zone_Park,Lake_Promenade,0.6,3,3,15,relax_route,excellent
T18,Lake_Promenade,Bio_Informatics_Lab,1.0,4,3,15,relax_route,good
T19,Main_Hub_Gate,Helipad_VIP,3.0,10,1,5,vip_transit,good
T19,Helipad_VIP,Board_Room_Annex,1.0,4,1,5,vip_transit,excellent
T20,Testing_Lab_A,Testing_Lab_B,0.4,2,4,20,inter_dept,good
T20,Testing_Lab_B,Certification_Auth,0.5,2,4,20,inter_dept,good
T20,Certification_Auth,Testing_Lab_A,0.8,3,4,20,inter_dept,good
T21,Main_Hub_Gate,Visitor_Parking,0.3,2,5,15,shuttle,excellent
T21,Visitor_Parking,Reception_Main,0.4,2,5,15,shuttle,excellent
T21,Reception_Main,Main_Hub_Gate,0.6,3,5,15,shuttle,good
T22,Software_Block_1,Software_Block_2,0.5,2,4,30,campus_loop,good
T22,Software_Block_2,Hardware_Lab,0.7,3,4,30,campus_loop,good
T22,Hardware_Lab,Software_Block_1,1.0,4,4,30,campus_loop,good
T23,Main_Hub_Gate,Waste_Mgmt_Plant,1.5,6,1,10,utility,average
T23,Waste_Mgmt_Plant,Recycling_Yard,0.3,1,1,10,utility,average
T23,Recycling_Yard,Main_Hub_Gate,1.7,7,1,10,utility,average
T24,Food_Court_Central,Tower_Alpha,0.6,3,6,40,lunch_shuttle,good
T24,Food_Court_Central,Tower_Beta,0.6,3,6,40,lunch_shuttle,good
T24,Food_Court_Central,Tower_Gamma,0.7,3,6,40,lunch_shuttle,good
T25,Main_Hub_Gate,Bike_Sharing_Stn,0.1,1,10,0,last_mile,excellent
T25,Bike_Sharing_Stn,Tower_Alpha,0.8,4,10,1,bike_lane,good
T25,Bike_Sharing_Stn,Tower_Beta,0.9,5,10,1,bike_lane,good
T26,Night_Shift_Hostel,BPO_Center,0.5,2,4,25,night_shuttle,good
T26,BPO_Center,Canteen_24x7,0.3,1,4,25,night_shuttle,excellent
T26,Canteen_24x7,Night_Shift_Hostel,0.7,3,4,25,night_shuttle,good
T27,Main_Hub_Gate,Police_Station,0.8,3,2,5,security_patrol,good
T27,Police_Station,Perimeter_Fence_N,1.5,6,2,5,security_patrol,bad
T27,Perimeter_Fence_N,Main_Hub_Gate,2.0,8,2,5,security_patrol,average
T28,Auditorium,Overflow_Parking,0.5,2,2,40,event_shuttle,average
T28,Overflow_Parking,Auditorium,0.5,2,2,40,event_shuttle,average
T29,Main_Hub_Gate,Smart_City_Demo,1.2,5,3,15,client_tour,excellent
T29,Smart_City_Demo,IoT_Garden,0.4,2,3,15,client_tour,excellent
T29,IoT_Garden,Main_Hub_Gate,1.5,6,3,15,client_tour,good
T30,EV_Charging_Hub,Tower_Alpha_Parking,0.2,1,5,0,utility,excellent
T30,EV_Charging_Hub,Tower_Beta_Parking,0.2,1,5,0,utility,excellent
T31,Main_Hub_Gate,Railway_Stn_Local,4.0,15,3,45,connector,average
T31,Railway_Stn_Local,Main_Hub_Gate,4.0,15,3,45,connector,average
T32,Tower_Sigma,Library_Tech,0.4,2,2,10,walkway,excellent
T32,Library_Tech,Coffee_Shop,0.1,1,2,10,walkway,excellent
T33,Main_Hub_Gate,Sports_Arena,1.8,7,2,30,rec_shuttle,good
T33,Sports_Arena,Tennis_Courts,0.2,1,2,30,rec_shuttle,good
T33,Tennis_Courts,Main_Hub_Gate,2.0,8,2,30,rec_shuttle,good
T34,Facilities_Building,Gardening_Nursery,0.5,2,1,5,utility_cart,average
T34,Gardening_Nursery,Compost_Pit,0.3,1,1,5,utility_cart,bad
T34,Compost_Pit,Facilities_Building,0.7,3,1,5,utility_cart,average
T35,Main_Hub_Gate,Residential_Complex,3.0,12,3,35,commuter,good
T35,Residential_Complex,School_International,0.5,2,3,35,commuter,good
T35,School_International,Main_Hub_Gate,3.5,14,3,35,commuter,good
T36,Bank_Branch,Forex_Desk,0.1,1,5,0,walkway,excellent
T36,Forex_Desk,Safe_Deposit_Vault,0.1,1,5,0,walkway,excellent
T37,Main_Hub_Gate,Taxi_Stand,0.1,1,10,4,last_mile,excellent
T37,Taxi_Stand,Main_Hub_Gate,0.1,1,10,4,last_mile,excellent
T38,Tower_Zeta,Call_Center_Wing,0.3,1,5,20,inter_bldg,excellent
T38,Call_Center_Wing,Training_Rooms,0.3,1,5,20,inter_bldg,excellent
T38,Training_Rooms,Tower_Zeta,0.5,2,5,20,inter_bldg,excellent
T39,Main_Hub_Gate,Hotel_Business,2.0,8,2,15,shuttle,good
T39,Hotel_Business,Convention_Annex,0.5,2,2,15,shuttle,excellent
T39,Convention_Annex,Main_Hub_Gate,2.4,10,2,15,shuttle,good
